donor_id,gene,mutation_desc,mean_VAF,exp_date,CHR,POS,REF,ALT,source_file_name,source_file_hg_version,ARCH4,mostly_ARCH3,CHR_hg37,POS_hg37
N12,IDH1,IDH1__nonsynonymous,0.29776733,03.11.21,2,208248389.0,G,T,240621_ARCH_SNPs_June2024.tsv,hg38,False,False,,
N48,TET2,TET2__nonsynonymous,0.030004993,03.11.21,4,105243612.0,G,T,240621_ARCH_SNPs_June2024.tsv,hg38,False,False,,
N48,TET2,TET2__nonsynonymous,0.030629549,03.11.21,4,105243613.0,T,A,240621_ARCH_SNPs_June2024.tsv,hg38,False,False,,
N185,SF3B1,SF3B1__nonsynonymous,0.302267191,07.11.21,2,197402647.0,G,C,240621_ARCH_SNPs_June2024.tsv,hg38,False,False,,
N185,TET2,TET2__stopgain_or_frameshift,0.014133172,07.11.21,4,105275056.0,C,T,240621_ARCH_SNPs_June2024.tsv,hg38,False,False,,
N185,TET2,TET2__nonsynonymous,0.37191781,07.11.21,4,105272569.0,C,G,240621_ARCH_SNPs_June2024.tsv,hg38,False,False,,
N186,TP53,TP53__nonsynonymous,0.104989826,07.11.21,17,7674233.0,C,T,240621_ARCH_SNPs_June2024.tsv,hg38,False,False,,
N187,TP53,TP53__nonsynonymous,0.107738483,07.11.21,17,7673781.0,C,G,240621_ARCH_SNPs_June2024.tsv,hg38,False,False,,
N188,IDH1,IDH1__nonsynonymous,0.067419755,07.11.21,2,208248389.0,G,T,240621_ARCH_SNPs_June2024.tsv,hg38,False,False,,
N189,TET2,TET2__stopgain_or_frameshift,0.017333896,19.12.21,4,105275637.0,T,A,240621_ARCH_SNPs_June2024.tsv,hg38,False,False,,
N191,SF3B1,SF3B1__nonsynonymous,0.252291295,28.11.21,2,197402110.0,T,C,240621_ARCH_SNPs_June2024.tsv,hg38,False,False,,
N194,SF3B1,SF3B1__nonsynonymous,0.191274526,19.12.21,2,197402110.0,T,C,240621_ARCH_SNPs_June2024.tsv,hg38,False,False,,
N194,DNMT3A,DNMT3A__stopgain_or_frameshift,0.430090893,19.12.21,2,25243946.0,T,A,240621_ARCH_SNPs_June2024.tsv,hg38,False,False,,
N203,U2AF1,U2AF1__nonsynonymous,0.255819821,09.01.22,21,43104346.0,G,T,240621_ARCH_SNPs_June2024.tsv,hg38,False,False,,
N203,JAK2,JAK2__nonsynonymous,0.234180937,09.01.22,9,5073770.0,G,T,240621_ARCH_SNPs_June2024.tsv,hg38,False,False,,
N204,SF3B1,SF3B1__nonsynonymous,0.522159043,09.01.22,2,197402647.0,G,C,240621_ARCH_SNPs_June2024.tsv,hg38,False,False,,
N208,TET2,TET2__nonsynonymous,0.308201773,10.01.22,4,105259638.0,G,T,240621_ARCH_SNPs_June2024.tsv,hg38,False,False,,
N209,SF3B1,SF3B1__nonsynonymous,0.393570444,03.11.21,2,197402647.0,G,C,240621_ARCH_SNPs_June2024.tsv,hg38,False,False,,
N209,TET2,TET2__stopgain_or_frameshift,0.052986606,03.11.21,4,105275056.0,C,T,240621_ARCH_SNPs_June2024.tsv,hg38,False,False,,
N209,DNMT3A,DNMT3A__nonsynonymous,0.050293791,03.11.21,2,25241687.0,A,C,240621_ARCH_SNPs_June2024.tsv,hg38,False,False,,
N210,TET2,TET2__nonsynonymous,0.420270665,10.01.22,4,105276344.0,A,G,240621_ARCH_SNPs_June2024.tsv,hg38,False,False,,
N220,U2AF1,U2AF1__nonsynonymous,0.412572102,02.03.22,21,43104346.0,G,A,240621_ARCH_SNPs_June2024.tsv,hg38,False,False,,
N220,DNMT3A,DNMT3A__nonsynonymous,0.573079592,02.03.22,2,25240429.0,A,G,240621_ARCH_SNPs_June2024.tsv,hg38,False,False,,
N220,DNMT3A,DNMT3A__nonsynonymous,0.007733166,02.03.22,2,25246209.0,G,T,240621_ARCH_SNPs_June2024.tsv,hg38,False,False,,
N224,SF3B1,SF3B1__nonsynonymous,0.264739732,07.02.22,2,197402647.0,G,C,240621_ARCH_SNPs_June2024.tsv,hg38,False,False,,
N226,TET2,TET2__nonsynonymous,0.152682364,07.02.22,4,105272640.0,T,C,240621_ARCH_SNPs_June2024.tsv,hg38,False,False,,
N232,DNMT3A,DNMT3A__nonsynonymous,0.158271658,14.02.22,2,25240699.0,A,G,240621_ARCH_SNPs_June2024.tsv,hg38,False,False,,
N235,JAK2,JAK2__nonsynonymous,0.521548542,28.02.22,9,5073770.0,G,T,240621_ARCH_SNPs_June2024.tsv,hg38,False,False,,
N240,NF1,NF1__stopgain_or_frameshift,0.459979214,02.03.22,17,31235623.0,C,T,240621_ARCH_SNPs_June2024.tsv,hg38,False,False,,
N241,U2AF1,U2AF1__nonsynonymous,0.066930433,03.03.22,21,43104346.0,G,T,240621_ARCH_SNPs_June2024.tsv,hg38,False,False,,
N241,TET2,TET2__nonsynonymous,0.198238877,03.03.22,4,105243718.0,T,G,240621_ARCH_SNPs_June2024.tsv,hg38,False,False,,
N242,TET2,TET2__nonsynonymous,0.486827532,03.03.22,4,105237262.0,C,T,240621_ARCH_SNPs_June2024.tsv,hg38,False,False,,
N248,SF3B1,SF3B1__nonsynonymous,0.371427079,02.05.22,2,197402760.0,G,C,240621_ARCH_SNPs_June2024.tsv,hg38,False,False,,
N249,SF3B1,SF3B1__nonsynonymous,0.256755376,06.06.22,2,197402766.0,A,G,240621_ARCH_SNPs_June2024.tsv,hg38,False,False,,
N250,BRCC3,BRCC3__stopgain_or_frameshift,0.125194574,09.06.22,X,155116154.0,C,T,240621_ARCH_SNPs_June2024.tsv,hg38,False,False,,
N254,DNMT3A,DNMT3A__nonsynonymous,0.161922265,06.06.22,2,25234374.0,G,A,240621_ARCH_SNPs_June2024.tsv,hg38,False,False,,
N265,U2AF1,U2AF1__nonsynonymous,0.228136507,19.06.22,21,43094667.0,T,G,240621_ARCH_SNPs_June2024.tsv,hg38,False,False,,
N273,DNMT3A,DNMT3A__nonsynonymous,0.098252918,10.07.22,2,25234374.0,G,A,240621_ARCH_SNPs_June2024.tsv,hg38,False,False,,
N274,SF3B1,SF3B1__nonsynonymous,0.172261558,10.07.22,2,197402759.0,C,A,240621_ARCH_SNPs_June2024.tsv,hg38,False,False,,
N279,SF3B1,SF3B1__nonsynonymous,0.366430078,26.10.22,2,197402110.0,T,C,240621_ARCH_SNPs_June2024.tsv,hg38,False,False,,
N279,TET2,TET2__nonsynonymous,0.333735426,26.10.22,4,105276160.0,A,G,240621_ARCH_SNPs_June2024.tsv,hg38,False,False,,
N280,SETBP1,SETBP1__nonsynonymous,0.296213988,06.11.22,18,44951945.0,A,G,240621_ARCH_SNPs_June2024.tsv,hg38,False,False,,
N281,MPL,MPL__nonsynonymous,0.1377862,06.11.22,1,43349338.0,G,T,240621_ARCH_SNPs_June2024.tsv,hg38,False,False,,
N291,DNMT3A,DNMT3A__nonsynonymous,0.069632645,23.11.22,2,25240370.0,A,C,240621_ARCH_SNPs_June2024.tsv,hg38,False,False,,
N295,TET2,TET2__stopgain_or_frameshift,0.03436477,23.11.22,4,105236950.0,G,A,240621_ARCH_SNPs_June2024.tsv,hg38,False,False,,
N296,DNMT3A,DNMT3A__nonsynonymous,0.022508424,27.11.22,2,25239208.0,G,A,240621_ARCH_SNPs_June2024.tsv,hg38,False,False,,
N296,TP53,TP53__nonsynonymous,0.038943711,27.11.22,17,7674885.0,C,T,240621_ARCH_SNPs_June2024.tsv,hg38,False,False,,
N296,TP53,TP53__nonsynonymous,0.034763482,27.11.22,17,7675085.0,C,T,240621_ARCH_SNPs_June2024.tsv,hg38,False,False,,
N12,IDH1,IDH1__nonsynonymous,0.243862747,04.12.22,2,208248389.0,G,T,240621_ARCH_SNPs_June2024.tsv,hg38,False,False,,
N251,SF3B1,SF3B1__nonsynonymous,0.297583673,04.12.22,2,197402110.0,T,C,240621_ARCH_SNPs_June2024.tsv,hg38,False,False,,
N188,IDH1,IDH1__nonsynonymous,0.268800238,15.01.23,2,208248389.0,G,T,240621_ARCH_SNPs_June2024.tsv,hg38,False,False,,
N339,TP53,TP53__nonsynonymous,0.446983213,29.01.23,17,7673821.0,G,A,240621_ARCH_SNPs_June2024.tsv,hg38,False,False,,
N359,DNMT3A,DNMT3A__nonsynonymous,0.22698893,27.02.23,2,25234374.0,G,A,240621_ARCH_SNPs_June2024.tsv,hg38,False,False,,
N359,TET2,TET2__nonsynonymous,0.149099949,27.02.23,4,105269697.0,T,C,240621_ARCH_SNPs_June2024.tsv,hg38,False,False,,
N48,IDH2,IDH2__nonsynonymous,0.020715117,12.03.23,15,90088702.0,C,T,240621_ARCH_SNPs_June2024.tsv,hg38,False,False,,
N48,SRSF2,SRSF2__nonsynonymous,0.548855335,12.03.23,17,76736877.0,G,A,240621_ARCH_SNPs_June2024.tsv,hg38,False,False,,
N48,TET2,TET2__nonsynonymous,0.090600325,12.03.23,4,105243612.0,G,T,240621_ARCH_SNPs_June2024.tsv,hg38,False,False,,
N48,TET2,TET2__nonsynonymous,0.091449784,12.03.23,4,105243613.0,T,A,240621_ARCH_SNPs_June2024.tsv,hg38,False,False,,
N48,KRAS,KRAS__nonsynonymous,0.1980888,12.03.23,12,25245351.0,C,G,240621_ARCH_SNPs_June2024.tsv,hg38,False,False,,
N242,TET2,TET2__nonsynonymous,0.471892555,12.03.23,4,105237262.0,C,T,240621_ARCH_SNPs_June2024.tsv,hg38,False,False,,
N367,SRSF2,SRSF2__nonsynonymous,0.036739016,12.03.23,17,76736877.0,G,T,240621_ARCH_SNPs_June2024.tsv,hg38,False,False,,
N367,MPL,MPL__nonsynonymous,0.504010429,12.03.23,1,43349338.0,G,C,240621_ARCH_SNPs_June2024.tsv,hg38,False,False,,
N368,SF3B1,SF3B1__nonsynonymous,0.34553967,26.03.23,2,197402110.0,T,C,240621_ARCH_SNPs_June2024.tsv,hg38,False,False,,
N368,DNMT3A,,0.533467893,26.03.23,2,25244340.0,T,C,240621_ARCH_SNPs_June2024.tsv,hg38,False,False,,
N208,TET2,TET2__nonsynonymous,0.373964533,26.03.23,4,105259638.0,G,T,240621_ARCH_SNPs_June2024.tsv,hg38,False,False,,
N200,DNMT3A,DNMT3A__nonsynonymous,0.077242734,26.03.23,2,25234373.0,C,T,240621_ARCH_SNPs_June2024.tsv,hg38,False,False,,
N376,SRSF2,SRSF2__nonsynonymous,0.419438268,22.06.23,17,76736877.0,G,T,240621_ARCH_SNPs_June2024.tsv,hg38,False,False,,
N382,SF3B1,SF3B1__nonsynonymous,0.106415445,20.07.23,2,197402110.0,T,C,240621_ARCH_SNPs_June2024.tsv,hg38,False,False,,
N280,SETBP1,SETBP1__nonsynonymous,0.542805921,15.08.23,18,44951945.0,A,G,240621_ARCH_SNPs_June2024.tsv,hg38,False,False,,
N200,DNMT3A,DNMT3A__nonsynonymous,0.093049034,19.09.23,2,25234373.0,C,T,240621_ARCH_SNPs_June2024.tsv,hg38,False,False,,
N403,NF1,NF1__stopgain_or_frameshift,0.845350868,19.09.23,17,31226596.0,T,A,240621_ARCH_SNPs_June2024.tsv,hg38,False,False,,
N281,DNMT3A,DNMT3A__nonsynonymous,0.011684916,30.11.23,2,25234373.0,C,T,240621_ARCH_SNPs_June2024.tsv,hg38,False,False,,
N405,SRSF2,SRSF2__nonsynonymous,0.239199881,30.11.23,17,76736877.0,G,A,240621_ARCH_SNPs_June2024.tsv,hg38,False,False,,
N405,STAG2,STAG2__stopgain_or_frameshift,0.075445442,30.11.23,X,124063866.0,C,T,240621_ARCH_SNPs_June2024.tsv,hg38,False,False,,
N279,SF3B1,SF3B1__nonsynonymous,0.348006492,30.11.23,2,197402110.0,T,C,240621_ARCH_SNPs_June2024.tsv,hg38,False,False,,
N279,TET2,TET2__nonsynonymous,0.410213613,30.11.23,4,105276160.0,A,G,240621_ARCH_SNPs_June2024.tsv,hg38,False,False,,
N191,DNMT3A,DNMT3A__nonsynonymous,0.012464854,04.12.23,2,25241683.0,C,T,240621_ARCH_SNPs_June2024.tsv,hg38,False,False,,
N367,MPL,MPL__nonsynonymous,0.403414807,04.12.23,1,43349338.0,G,C,240621_ARCH_SNPs_June2024.tsv,hg38,False,False,,
N382,SF3B1,SF3B1__nonsynonymous,0.081644047,05.12.23,2,197402110.0,T,C,240621_ARCH_SNPs_June2024.tsv,hg38,False,False,,
N192,SRSF2,SRSF2__nonsynonymous,0.497806042,05.12.23,17,76736877.0,G,T,240621_ARCH_SNPs_June2024.tsv,hg38,False,False,,
N204,SF3B1,SF3B1__nonsynonymous,0.407475269,18.12.23,2,197402647.0,G,C,240621_ARCH_SNPs_June2024.tsv,hg38,False,False,,
N417,DNMT3A,DNMT3A__nonsynonymous,0.028827055,11.01.24,2,25241704.0,A,G,240621_ARCH_SNPs_June2024.tsv,hg38,False,False,,
N418,TP53,,0.006231952,12.02.24,17,7673838.0,C,A,240621_ARCH_SNPs_June2024.tsv,hg38,False,False,,
N339,DNMT3A,,0.016503471,12.02.24,2,25245252.0,C,T,240621_ARCH_SNPs_June2024.tsv,hg38,False,False,,
N339,TP53,TP53__nonsynonymous,0.539335791,12.02.24,17,7673821.0,G,A,240621_ARCH_SNPs_June2024.tsv,hg38,False,False,,
N421,SRSF2,SRSF2__nonsynonymous,0.269408112,12.02.24,17,76736877.0,G,T,240621_ARCH_SNPs_June2024.tsv,hg38,False,False,,
N421,STAG2,STAG2__stopgain_or_frameshift,0.491039778,12.02.24,X,124045178.0,T,A,240621_ARCH_SNPs_June2024.tsv,hg38,False,False,,
N421,RUNX1,RUNX1__nonsynonymous,0.445362361,12.02.24,21,34886874.0,C,T,240621_ARCH_SNPs_June2024.tsv,hg38,False,False,,
N422,SF3B1,SF3B1__nonsynonymous,0.193710147,14.02.24,2,197402110.0,T,C,240621_ARCH_SNPs_June2024.tsv,hg38,False,False,,
N422,U2AF1,U2AF1__nonsynonymous,0.097345028,14.02.24,21,43094667.0,T,C,240621_ARCH_SNPs_June2024.tsv,hg38,False,False,,
N422,U2AF1,U2AF1__nonsynonymous,0.082712532,14.02.24,21,43104346.0,G,A,240621_ARCH_SNPs_June2024.tsv,hg38,False,False,,
N251,SF3B1,SF3B1__nonsynonymous,0.344409481,19.02.24,2,197402110.0,T,C,240621_ARCH_SNPs_June2024.tsv,hg38,False,False,,
N48,TET2,TET2__stopgain_or_frameshift,0.0288,03.11.21,4,105272638.0,T,-,240623_ARCH_Indels_June2024.csv,hg38,False,False,,
N60,ASXL1,ASXL1__stopgain_or_frameshift,0.38795,03.11.21,20,32434813.0,-,CT,240623_ARCH_Indels_June2024.csv,hg38,False,False,,
N185,RUNX1,RUNX1__stopgain_or_frameshift,0.0284,07.11.21,21,34834471.0,-,T,240623_ARCH_Indels_June2024.csv,hg38,False,False,,
N189,PPM1D,PPM1D__stopgain_or_frameshift,0.0136,19.12.21,17,60663298.0,A,-,240623_ARCH_Indels_June2024.csv,hg38,False,False,,
N191,DNMT3A,DNMT3A__stopgain_or_frameshift,0.36075,28.11.21,2,25241658.0,G,-,240623_ARCH_Indels_June2024.csv,hg38,False,False,,
N208,PDS5B,PDS5B__stopgain_or_frameshift,0.04685,10.01.22,13,32710082.0,A,-,240623_ARCH_Indels_June2024.csv,hg38,False,False,,
N208,TET2,TET2__stopgain_or_frameshift,0.931,10.01.22,4,105242865.0,G,-,240623_ARCH_Indels_June2024.csv,hg38,False,False,,
N220,TET2,TET2__stopgain_or_frameshift,0.37025,02.03.22,4,105236711.0,C,-,240623_ARCH_Indels_June2024.csv,hg38,False,False,,
N232,TET2,TET2__stopgain_or_frameshift,0.0288,14.02.22,4,105236348.0,C,-,240623_ARCH_Indels_June2024.csv,hg38,False,False,,
N235,ASXL1,ASXL1__stopgain_or_frameshift,0.5641,28.02.22,20,32434644.0,-,T,240623_ARCH_Indels_June2024.csv,hg38,False,False,,
N235,TET2,TET2__stopgain_or_frameshift,0.43745,28.02.22,4,105275265.0,T,-,240623_ARCH_Indels_June2024.csv,hg38,False,False,,
N243,TET2,TET2__stopgain_or_frameshift,0.38535,03.03.22,4,105236493.0,C,-,240623_ARCH_Indels_June2024.csv,hg38,False,False,,
N243,TET2,TET2__stopgain_or_frameshift,0.42575,03.03.22,4,105236843.0,-,C,240623_ARCH_Indels_June2024.csv,hg38,False,False,,
N279,DNMT3A,DNMT3A__stopgain_or_frameshift,0.41,26.10.22,2,25245294.0,C,-,240623_ARCH_Indels_June2024.csv,hg38,False,False,,
N251,TP53,TP53__stopgain_or_frameshift,0.03745,04.12.22,17,7674290.0,C,-,240623_ARCH_Indels_June2024.csv,hg38,False,False,,
N359,TET2,TET2__stopgain_or_frameshift,0.24615,27.02.23,4,105259623.0,-,T,240623_ARCH_Indels_June2024.csv,hg38,False,False,,
N48,TET2,TET2__stopgain_or_frameshift,0.2342,12.03.23,4,105235886.0,C,-,240623_ARCH_Indels_June2024.csv,hg38,False,False,,
N48,TET2,TET2__stopgain_or_frameshift,0.4119,12.03.23,4,105261824.0,-,G,240623_ARCH_Indels_June2024.csv,hg38,False,False,,
N208,PDS5B,PDS5B__stopgain_or_frameshift,0.24585,26.03.23,13,32710082.0,A,-,240623_ARCH_Indels_June2024.csv,hg38,False,False,,
N208,TET2,TET2__stopgain_or_frameshift,0.34515,26.03.23,4,105242865.0,G,-,240623_ARCH_Indels_June2024.csv,hg38,False,False,,
N279,DNMT3A,DNMT3A__stopgain_or_frameshift,0.42805,30.11.23,2,25245294.0,C,-,240623_ARCH_Indels_June2024.csv,hg38,False,False,,
N413,BCOR,BCOR__stopgain_or_frameshift,0.06715,18.12.23,X,40063704.0,-,A,240623_ARCH_Indels_June2024.csv,hg38,False,False,,
N251,TP53,TP53__stopgain_or_frameshift,0.07435,19.02.24,17,7674290.0,C,-,240623_ARCH_Indels_June2024.csv,hg38,False,False,,
N251,CALR,,0.3741274676100395,04.12.22,19,12943750.0,,,240621_CALR_by_nili.xlsx,hg37,False,False,19.0,13054564.0
N251,CALR,,0.20961129331946948,09.06.22,19,12943750.0,,,240621_CALR_by_nili.xlsx,hg37,False,False,19.0,13054564.0
N211,CALR,,0.0716720803116689,16.01.22,19,12943750.0,,,240621_CALR_by_nili.xlsx,hg37,False,False,19.0,13054564.0
N211,CALR,,0.04651166040515825,26.03.23,19,12943750.0,,,240621_CALR_by_nili.xlsx,hg37,False,False,19.0,13054564.0
N367,SRSF2,,0.017750000000000002,12.03.23,17,76736877.0,G,T,240621_SRSF2.xlsx,hg37,False,False,17.0,74732959.0
N235,SRSF2,,0.46884999999999954,28.02.22,17,76736877.0,G,T,240621_SRSF2.xlsx,hg37,False,False,17.0,74732959.0
N192,SRSF2,,0.39405,28.11.21,17,76736877.0,G,T,240621_SRSF2.xlsx,hg37,False,False,17.0,74732959.0
N240,SRSF2,,0.2571,01.01.23,17,76736877.0,G,A,240621_SRSF2.xlsx,hg37,False,False,17.0,74732959.0
N240,SRSF2,,0.26219999999999954,02.03.22,17,76736877.0,G,A,240621_SRSF2.xlsx,hg37,False,False,17.0,74732959.0
N48,SRSF2,,0.2415999999999995,03.11.21,17,76736877.0,G,A,240621_SRSF2.xlsx,hg37,False,False,17.0,74732959.0
N60,SRSF2,,0.29769999999999996,03.11.21,17,76736877.0,G,A,240621_SRSF2.xlsx,hg37,False,False,17.0,74732959.0
N48,SRSF2,,0.3051,12.03.23,17,76736877.0,G,A,240621_SRSF2.xlsx,hg37,False,False,17.0,74732959.0
N251,CALR,,0.209611293,09.06.22,19,12943750.0,AGCAGAGGCTTAAGGAGGAGGAAGAAGACAAGAAACGCAAAGAGGAGGAGGAG,A,240727_hg37_nature_med_individual_mutations_from_nimrod.csv,hg37,False,False,19.0,13054564.0
N119,DNMT3A,,0.0453,11.01.21,2,25234374.0,G,A,240727_hg37_nature_med_individual_mutations_from_nimrod.csv,hg37,False,False,2.0,25457243.0
N273,DNMT3A,,0.1701,21.02.21,2,25234374.0,G,A,240727_hg37_nature_med_individual_mutations_from_nimrod.csv,hg37,False,False,2.0,25457243.0
N162,DNMT3A,,0.0103,01.03.21,2,25234374.0,G,A,240727_hg37_nature_med_individual_mutations_from_nimrod.csv,hg37,False,False,2.0,25457243.0
N169,DNMT3A,,0.3169,07.03.21,2,25234374.0,G,A,240727_hg37_nature_med_individual_mutations_from_nimrod.csv,hg37,False,False,2.0,25457243.0
N90,DNMT3A,,0.468742577,21.12.20,2,25247666.0,C,T,240727_hg37_nature_med_individual_mutations_from_nimrod.csv,hg37,False,False,2.0,25470535.0
N170,PTPN11,,0.029310373,07.03.21,12,112489101.0,G,A,240727_hg37_nature_med_individual_mutations_from_nimrod.csv,hg37,False,False,12.0,112926905.0
N130,SF3B1,,0.417493823,01.02.21,2,197402647.0,G,C,240727_hg37_nature_med_individual_mutations_from_nimrod.csv,hg37,False,False,2.0,198267371.0
N192,SRSF2,,0.39405,28.11.21,17,76736877.0,G,T,240727_hg37_nature_med_individual_mutations_from_nimrod.csv,hg37,False,False,17.0,74732959.0
N235,SRSF2,,0.46885,28.02.22,17,76736877.0,G,T,240727_hg37_nature_med_individual_mutations_from_nimrod.csv,hg37,False,False,17.0,74732959.0
N170,TET2,,0.045347526,07.03.21,4,105235902.0,C,T,240727_hg37_nature_med_individual_mutations_from_nimrod.csv,hg37,False,False,4.0,106157059.0
N130,TET2,,0.060659794,01.02.21,4,105236814.0,C,T,240727_hg37_nature_med_individual_mutations_from_nimrod.csv,hg37,False,False,4.0,106157971.0
N16,TET2,,0.150590932,21.01.21,4,105259696.0,A,G,240727_hg37_nature_med_individual_mutations_from_nimrod.csv,hg37,False,False,4.0,106180853.0
N130,TET2,,0.061968027,01.02.21,4,105276245.0,A,G,240727_hg37_nature_med_individual_mutations_from_nimrod.csv,hg37,False,False,4.0,106197402.0
N235,ASXL1,,0.5641,28.02.22,20,32434644.0,-,T,240727_hg38_nature_med_individual_mutations_from_nimrod.csv,hg38,False,False,,
N254,DNMT3A,,0.161922265,11.01.21,2,25234374.0,G,A,240727_hg38_nature_med_individual_mutations_from_nimrod.csv,hg38,False,False,,
N291,DNMT3A,,0.069632645,23.11.22,2,25240370.0,A,C,240727_hg38_nature_med_individual_mutations_from_nimrod.csv,hg38,False,False,,
N220,DNMT3A,,0.573079592,04.01.21,2,25240429.0,A,G,240727_hg38_nature_med_individual_mutations_from_nimrod.csv,hg38,False,False,,
N232,DNMT3A,,0.158271658,01.02.21,2,25240699.0,A,G,240727_hg38_nature_med_individual_mutations_from_nimrod.csv,hg38,False,False,,
N220,DNMT3A,,0.007733166,04.01.21,2,25246209.0,G,T,240727_hg38_nature_med_individual_mutations_from_nimrod.csv,hg38,False,False,,
N192,GNB1,,0.449169156,28.11.21,1,1815790.0,T,C,240727_hg38_nature_med_individual_mutations_from_nimrod.csv,hg38,False,False,,
N48,IDH2,,0.020715117,03.11.21,15,90088702.0,C,T,240727_hg38_nature_med_individual_mutations_from_nimrod.csv,hg38,False,False,,
N235,JAK2,,0.521548542,28.02.22,9,5073770.0,G,T,240727_hg38_nature_med_individual_mutations_from_nimrod.csv,hg38,False,False,,
N48,KRAS,,0.009790767,03.11.21,12,25227345.0,C,A,240727_hg38_nature_med_individual_mutations_from_nimrod.csv,hg38,False,False,,
N48,KRAS,,0.1980888,03.11.21,12,25245351.0,C,G,240727_hg38_nature_med_individual_mutations_from_nimrod.csv,hg38,False,False,,
N224,SF3B1,,0.264739732,30.11.20,2,197402647.0,G,C,240727_hg38_nature_med_individual_mutations_from_nimrod.csv,hg38,False,False,,
N249,SF3B1,,0.256755376,06.06.22,2,197402766.0,A,G,240727_hg38_nature_med_individual_mutations_from_nimrod.csv,hg38,False,False,,
N48,SRSF2,,0.548855335,03.11.21,17,76736877.0,G,A,240727_hg38_nature_med_individual_mutations_from_nimrod.csv,hg38,False,False,,
N233,TET2,,0.11925,22.02.21,4,105234621.0,-,A,240727_hg38_nature_med_individual_mutations_from_nimrod.csv,hg38,False,False,,
N48,TET2,,0.2342,03.11.21,4,105235886.0,C,-,240727_hg38_nature_med_individual_mutations_from_nimrod.csv,hg38,False,False,,
N232,TET2,,0.0288,01.02.21,4,105236348.0,C,-,240727_hg38_nature_med_individual_mutations_from_nimrod.csv,hg38,False,False,,
N220,TET2,,0.37025,04.01.21,4,105236711.0,C,-,240727_hg38_nature_med_individual_mutations_from_nimrod.csv,hg38,False,False,,
N48,TET2,,0.090600325,03.11.21,4,105243612.0,G,T,240727_hg38_nature_med_individual_mutations_from_nimrod.csv,hg38,False,False,,
N48,TET2,,0.091449784,03.11.21,4,105243613.0,T,A,240727_hg38_nature_med_individual_mutations_from_nimrod.csv,hg38,False,False,,
N48,TET2,,0.4119,03.11.21,4,105261824.0,-,G,240727_hg38_nature_med_individual_mutations_from_nimrod.csv,hg38,False,False,,
N224,TET2,,0.014818654,30.11.20,4,105272775.0,G,A,240727_hg38_nature_med_individual_mutations_from_nimrod.csv,hg38,False,False,,
N235,TET2,,0.43745,28.02.22,4,105275265.0,T,-,240727_hg38_nature_med_individual_mutations_from_nimrod.csv,hg38,False,False,,
N210,TET2,,0.420270665,11.04.21,4,105276344.0,A,G,240727_hg38_nature_med_individual_mutations_from_nimrod.csv,hg38,False,False,,
N186,TP53,,0.104989826,07.11.21,17,7674233.0,C,T,240727_hg38_nature_med_individual_mutations_from_nimrod.csv,hg38,False,False,,
N220,U2AF1,,0.412572102,04.01.21,21,43104346.0,G,A,240727_hg38_nature_med_individual_mutations_from_nimrod.csv,hg38,False,False,,
N200,ZRSR2,,0.2779521,11.04.21,X,15790537.0,G,A,240727_hg38_nature_med_individual_mutations_from_nimrod.csv,hg38,False,False,,
